NOMBRE;APELLIDO;EMAIL;TRABAJO;LUGARJuan;Medina;Beatriz75@yahoo.com;Global Mobilidad Productor;en_ZA
Cecilia;Heredia;Mnica.Patio@gmail.com;Humano Programa Especialista;pl
Ramón;Porras;Santiago.Saldaa91@hotmail.com;Inversor Funcionalidad Oficial;vi
Miguel Ángel;Rael;Pilar25@yahoo.com;Adelante Interacciones Ejecutivo;sk
Isabel;Salinas;Diego55@gmail.com;Global Seguridada Técnico;ar
Felipe;Romero;MaraEugenia_Calvillo57@yahoo.com;Nacional Mobilidad Funcionario;id_ID
Caridad;Collado;Martn49@gmail.com;Director Integración Ingeniero;ko
Felipe;Sandoval;Luis_Camarillo73@yahoo.com;Directo Implementación Relacciones;tr
Antonio;Delao;Adriana.Camarillo@hotmail.com;Director Usabilidad Arquitecto;uk
Vicente;Barrios;Natalia_Morales@gmail.com;Cliente Factores Asociado;ko
Marilú;Matías;Clemente_Casanova52@yahoo.com;Director Seguro Oficial;de_CH
Irene;Vallejo;Jess.Aguayo@hotmail.com;Senior Creativo Relacciones;fi
Clemente;Gil;Horacio_Bentez@yahoo.com;Director Factores Director;ne
César;Zepeda;Olivia_Rangel@yahoo.com;Dinánmico Programa Ejecutivo;hy
Gerardo;Jáquez;Octavio_Ocasio38@hotmail.com;Humano Web Técnico;en_AU_ocker
Beatriz;Terán;Roberto30@hotmail.com;Directo Integración Estratega;sv
Lucía;Lovato;Mara_Puga@hotmail.com;Corporativo Programa Coordinador;en_US
Reina;Gaona;Santiago_Coronado89@gmail.com;Director Aplicaciones Gerente;es_MX
Marta;Montemayor;Elisa_Ceballos47@gmail.com;Regional Creativo Asociado;en_GB
Andrés;Merino;Isabela_Hinojosa@hotmail.com;Interno Usabilidad Gerente;es
Miguel;Botello;JosLuis34@gmail.com;Jefe Respuesta Funcionario;zh_CN
Norma;Ponce;Rodrigo.Padilla@yahoo.com;Producto Métricas Planificador;ar
Lucas;Ávalos;Francisco_Bueno38@hotmail.com;Futuro Marketing Arquitecto;pt_PT
Cristián;López;LuisMiguel_Ros65@hotmail.com;Adelante Grupo Administrador;uk
Pilar;Vargas;AnaMara_Enrquez@hotmail.com;Regional Configuración Analista;vi
Gabriel;Lozada;Marisol.Adame@gmail.com;Adelante Interacciones Gerente;es_MX
Alicia;Posada;Ariadna80@hotmail.com;Director Seguro Productor;zh_CN
Alfonso;Valverde;Bernardo_Carrillo@yahoo.com;Humano Optimización Técnico;pt_PT
Alberto;Ojeda;Ana_Loera5@hotmail.com;International Programa Técnico;az
Leonor;Nieto;MaraSoledad_Garca@yahoo.com;Global Mercados Arquitecto;pt_BR
Raúl;Alonzo;Berta_Vzquez@hotmail.com;Adelante Identidad Estratega;ja
Claudia;Montéz;Rafael58@yahoo.com;Interno Mercados Estratega;en_IND
Rubén;Raya;Lorena_Ferrer@yahoo.com;Regional Respuesta Facilitador;uk
Estela;Mayorga;Gregorio_Pabn62@yahoo.com;Inversor Cuentas Relacciones;az
Rocío;Aragón;Julio41@hotmail.com;Global Marketing Relacciones;nb_NO
Alfredo;Miramontes;Eva95@gmail.com;Futuro Intranet Relacciones;sk
Emilio;Quiróz;Marcos.Huerta1@yahoo.com;Director Contabilidad Funcionario;fr_CH
Gloria;Olivas;Lorena.Bustos@yahoo.com;Adelante Marketing Ejecutivo;fr
Alicia;Delgadillo;Ramiro_Tovar62@hotmail.com;Corporativo Cuentas Ejecutivo;nl
Cristián;Reséndez;Sonia.Zelaya@hotmail.com;Humano Seguridada Analista;tr
Bernardo;Chacón;Benjamn.Ceja@hotmail.com;Nacional Implementación Asociado;vi
Benito;Lomeli;MaradelCarmen_Rojas94@gmail.com;Jefe Contabilidad Arquitecto;en_BORK
Clemente;Manzanares;Ana_Vera@gmail.com;Central Creativo Diseñador;es
Luz;Quiñones;Rosa12@hotmail.com;Inversor Tácticas Agente;pl
Florencia;Terán;Ester.Cerda26@gmail.com;Jefe Seguro Relacciones;en_CA
Virginia;Gutiérrez;Sara_Sotelo29@gmail.com;Central Creativo Relacciones;pt_PT
Ignacio;Bernal;JosLuis70@yahoo.com;Interno Factores Coordinador;ge
Inés;Mireles;Hernn.Saavedra@hotmail.com;Corporativo Grupo Asociado;nb_NO
Mónica;Pedroza;Marta73@yahoo.com;Futuro Normas Especialista;en_BORK
Sofía;Curiel;Toms_Roque96@hotmail.com;Dinánmico Web Gerente;en_AU
Claudio;Bustamante;Octavio.Gastlum37@hotmail.com;International Comunicaciones Ingeniero;en_ZA
Timoteo;Posada;Elvira.Pulido@gmail.com;Adelante Aplicaciones Ejecutivo;es
Guillermo;Pelayo;MaraElena.Padrn9@yahoo.com;International Paradigma Ejecutivo;sk
Benito;Canales;Ariadna.Perales81@hotmail.com;Corporativo Operaciones Coordinador;en_IE
Gilberto;Bueno;Emilio_Burgos31@gmail.com;Producto Contabilidad Ingeniero;en_GB
Daniel;Rosario;Gustavo13@hotmail.com;International División Agente;uk
Carmen;Regalado;Ramiro.Montemayor@gmail.com;Dinánmico Mobilidad Estratega;ko
Emilio;Muñoz;Mariano.Amador79@hotmail.com;Jefe Cuentas Coordinador;ro
Luisa;Alva;Andrea_Bustamante82@hotmail.com;Cliente Métricas Agente;es_MX
Daniela;Saldivar;Daniela97@hotmail.com;Director Identidad Desarrollador;en_AU
Armando;Perea;Javier46@yahoo.com;Inversor Investigación Representante;en_GB
Elvira;Madera;Marcela.Gracia@gmail.com;Nacional División Productor;zh_CN
Gilberto;Caraballo;Carla.Guevara@hotmail.com;Adelante Creativo Arquitecto;he
Arturo;Loya;Luz9@yahoo.com;Central Infraestructura Funcionario;en_IND
Horacio;Prado;Csar96@gmail.com;Futuro Seguridada Relacciones;en_US
Felipe;Concepción;Ariadna.Alva97@hotmail.com;Central División Ejecutivo;nl_BE
Nicolás;Ruíz;ngela26@yahoo.com;Jefe Interacciones Arquitecto;pt_BR
Jorge;Raya;Amalia66@gmail.com;Cliente Normas Especialista;fi
Ricardo;Cantú;Olivia82@gmail.com;International Seguridada Asistente;ge
José;Berríos;Carla_Crdova@yahoo.com;Futuro Paradigma Especialista;en
Olivia;Escobar;Ester_Carbajal@gmail.com;Dinánmico Operaciones Oficial;uk
Inés;Briseño;MaraElena_Aranda@yahoo.com;Interno Calidad Funcionario;sv
Teresa;Alemán;Marisol31@hotmail.com;Interno Investigación Relacciones;en_GB
Lola;Pedraza;Elsa81@hotmail.com;Central Mercados Representante;de_AT
Rosa;Sepúlveda;Leticia97@hotmail.com;Producto Cuentas Especialista;tr
María;Ortega;Alejandro92@hotmail.com;International Datos Productor;en_ZA
Germán;Villalobos;Clemente.Ortiz@yahoo.com;Heredado Creativo Agente;zh_CN
César;Delafuente;Elena.Montoya@gmail.com;Heredado Interacciones Director;it
Caridad;Cadena;Santiago55@yahoo.com;Distrito Métricas Funcionario;uk
Gregorio;Barreto;scar_Valles@hotmail.com;Humano Calidad Relacciones;fi
Yolanda;Porras;Gerardo_Ruelas@yahoo.com;Interno Factores Asistente;de_AT
Lorena;Ayala;MarcoAntonio56@hotmail.com;Humano Tácticas Técnico;zh_TW
José María;Rivas;Vernica80@gmail.com;Heredado Normas Coordinador;ne
Berta;Mateo;Silvia_Porras86@yahoo.com;Futuro Usabilidad Asociado;fr_CA
Manuel;Tamayo;Alberto58@yahoo.com;Global Contabilidad Técnico;fi
Fernando;Quintana;Carlota_Navarrete@gmail.com;International Optimización Director;de_AT
María José;Nazario;JorgeLuis90@gmail.com;Interno Operaciones Ingeniero;hy
Débora;Cisneros;Eduardo95@hotmail.com;Dinánmico Mobilidad Supervisor;sv
Germán;Abreu;Lorena21@gmail.com;Gerente Normas Desarrollador;fr
Gerardo;Armendáriz;Claudio_Ceja@hotmail.com;Director Datos Arquitecto;pl
Alfredo;Castro;Ins97@yahoo.com;Central Contabilidad Planificador;fr_CH
Teodoro;Quintanilla;Patricia72@gmail.com;Dinánmico Marketing Director;sk
Víctor;Loera;Ernesto_Palomino32@yahoo.com;Gerente Calidad Planificador;ro
Luisa;Anaya;Enrique_Sedillo@yahoo.com;Senior Paradigma Productor;az
Gustavo;Lerma;Enrique_Sedillo46@yahoo.com;International Usabilidad Gerente;fr
Luz;Cazares;Daniel40@yahoo.com;Futuro Métricas Representante;nl_BE
Adán;Roybal;Adn37@hotmail.com;Producto Datos Técnico;zh_CN
David;Mondragón;MarcoAntonio.Bernal@hotmail.com;Regional Interacciones Consultor;id_ID
Francisco;Valle;JosEduardo_deJess11@hotmail.com;Distrito Optimización Asociado;ne
Olivia;Pichardo;Jos_Nez71@gmail.com;Global Mobilidad Especialista;ro
